provincia,canton,15/3/2020,16/3/2020,17/3/2020,18/3/2020,19/3/2020,20/3/2020,21/3/2020,22/3/2020,23/3/2020,24/3/2020,25/3/2020,26/3/2020,27/3/2020,28/3/2020,29/3/2020,30/3/2020,31/3/2020,1/4/2020,2/4/2020,3/4/2020,4/4/2020,5/4/2020,6/4/2020,7/4/2020,8/4/2020,9/4/2020,10/4/2020,11/4/2020,12/4/2020,13/4/2020,14/4/2020,15/4/2020,16/4/2020,17/4/2020,18/4/2020,19/4/2020,20/4/2020,21/4/2020,22/4/2020,23/4/2020,24/4/2020,25/4/2020,26/4/2020,27/4/2020,28/4/2020,29/4/2020,30/4/2020,1/5/2020,2/5/2020,3/5/2020,4/5/2020,5/5/2020,6/5/2020,7/5/2020,8/5/2020,9/5/2020,10/5/2020,11/5/2020,12/5/2020,13/5/2020,14/5/2020,15/5/2020,16/5/2020,17/5/2020,18/5/2020,19/5/2020,20/5/2020,21/5/2020,22/5/2020,23/5/2020,24/5/2020,25/5/2020,26/5/2020,27/5/2020,28/5/2020,29/5/2020,30/5/2020,31/5/2020,1/6/2020,2/6/2020,3/6/2020,4/6/2020,5/6/2020,6/6/2020,7/6/2020,8/6/2020,9/6/2020,10/6/2020,11/6/2020,12/6/2020,13/6/2020,14/6/2020,15/6/2020,16/6/2020,17/6/2020,18/6/2020,19/6/2020
ALAJUELA,ALAJUELA,9,12,13,15,18,22,25,26,28,35,36,45,46,53,55,55,58,61,61,62,65,66,66,67,67,69,70,71,71,71,72,73,73,74,74,74,74,75,75,75,75,77,77,77,81,81,81,82,82,82,82,82,82,82,82,82,82,82,82,82,82,83,83,84,84,84,85,85,85,86,86,86,86,86,87,87,88,88,88,89,90,92,100,100,101,101,104,107,110,111,111,112,113,115,115,115,124
ALAJUELA,ATENAS,0,1,1,1,1,1,1,2,2,2,2,2,2,2,2,2,2,2,2,2,2,2,2,2,2,2,2,2,2,2,2,2,2,2,2,2,2,2,3,4,4,4,4,4,4,4,4,4,4,4,4,4,4,4,4,4,4,4,4,4,4,4,4,4,4,5,5,5,5,5,5,5,6,6,6,6,6,6,6,6,6,6,6,6,6,6,6,6,6,6,6,6,6,6,6,6,9
ALAJUELA,GRECIA,2,2,3,3,3,5,5,5,5,7,7,9,11,13,13,13,13,14,14,14,14,14,14,14,14,14,15,15,15,15,15,15,15,16,16,16,16,16,16,16,16,16,16,16,16,16,16,16,16,16,16,16,16,16,16,16,16,16,16,16,16,16,16,16,16,16,16,16,16,16,16,16,16,17,17,17,17,17,17,17,18,18,18,18,19,19,19,19,19,19,20,20,20,20,20,20,20
ALAJUELA,GUATUSO,0,0,0,0,0,0,0,0,0,0,0,0,0,0,0,0,0,0,0,0,0,0,0,0,0,0,0,0,0,0,0,0,0,0,0,0,0,0,0,0,0,0,0,0,0,0,0,0,0,0,0,0,0,0,0,0,0,0,0,0,0,0,0,0,0,0,0,0,0,0,0,0,0,0,0,0,0,0,0,0,1,1,1,1,1,1,2,2,2,2,2,2,2,2,4,4,8
ALAJUELA,LOS CHILES,0,0,0,0,0,0,0,0,0,0,0,0,0,0,0,0,0,0,0,0,0,0,0,0,0,0,0,0,0,0,0,0,0,0,0,0,0,0,0,0,0,0,0,0,0,0,0,0,0,0,0,0,0,0,0,0,0,0,0,0,0,0,0,0,0,0,0,0,1,1,1,1,1,3,4,9,12,12,13,13,13,13,13,13,13,13,13,13,13,13,13,14,14,15,44,54,54
ALAJUELA,NARANJO,0,0,0,0,0,0,0,0,0,0,0,0,0,1,1,1,1,3,3,4,4,4,4,4,4,4,4,4,4,4,4,4,4,4,4,4,4,4,5,5,5,5,5,5,5,5,5,5,5,5,5,5,6,6,7,9,9,9,9,9,9,9,9,9,9,10,10,10,11,11,11,11,11,11,12,12,12,12,12,12,12,12,12,12,12,12,12,12,12,13,13,13,13,13,13,13,13
ALAJUELA,OROTINA,0,0,0,0,0,0,0,0,0,0,1,1,3,3,4,5,5,5,5,5,5,6,6,7,7,7,7,7,7,7,7,7,7,7,7,7,7,7,7,7,7,7,7,7,7,7,7,7,7,7,7,7,7,7,8,8,8,8,8,8,8,8,8,8,8,8,8,8,8,8,8,8,8,8,8,8,8,8,9,9,9,9,9,9,9,9,9,9,9,9,9,9,9,9,9,9,9
ALAJUELA,PALMARES,0,0,0,0,0,0,0,0,1,1,1,1,1,5,6,5,6,6,7,7,8,10,11,11,11,11,11,11,11,11,11,11,11,11,11,11,11,11,11,11,11,11,11,11,11,11,11,11,11,11,11,11,11,11,11,11,11,11,11,11,11,12,12,12,12,12,12,12,12,12,12,12,12,12,12,12,12,12,12,12,12,12,12,12,12,12,12,12,12,12,12,12,12,12,12,12,12
ALAJUELA,POAS,1,1,1,2,4,4,5,5,5,5,5,5,6,6,6,6,6,6,6,6,7,7,7,7,6,6,6,6,6,6,6,6,6,6,6,7,7,7,7,7,7,6,6,6,6,6,6,6,6,6,6,6,6,6,6,6,6,6,6,6,6,6,6,6,6,6,6,6,6,6,6,6,6,6,6,6,6,6,6,6,6,6,6,8,8,9,9,9,9,9,9,9,9,11,12,13,14
ALAJUELA,RIO CUARTO,0,0,0,0,0,0,0,0,0,0,0,0,0,0,0,0,0,0,0,0,0,0,0,0,0,0,0,0,0,0,0,0,0,0,0,0,0,0,0,0,0,0,0,0,0,0,0,0,0,0,0,0,0,0,0,0,0,0,0,0,0,0,0,0,0,0,0,0,0,0,0,0,0,0,0,0,0,0,0,0,0,0,0,0,0,0,0,0,0,0,0,0,0,1,1,1,0
ALAJUELA,SAN CARLOS,0,0,0,0,0,2,2,2,3,5,5,6,8,8,8,10,8,9,11,10,11,16,17,19,22,24,28,28,29,29,29,29,29,29,29,29,29,29,29,29,29,29,29,29,29,29,29,29,31,29,29,29,30,30,30,30,30,30,30,30,30,30,30,30,30,31,31,31,31,31,32,33,33,35,36,41,44,44,51,55,59,68,71,74,101,108,115,147,152,157,164,185,188,196,201,206,205
ALAJUELA,SAN MATEO,0,0,0,0,0,0,0,0,0,0,0,0,0,0,0,0,0,0,0,0,0,0,0,0,0,0,0,0,0,0,0,0,0,0,0,0,0,0,0,0,0,0,0,0,0,0,0,0,0,0,0,0,0,0,0,0,0,0,0,0,0,0,0,0,0,0,0,0,0,0,0,0,0,0,0,0,0,0,0,0,1,1,1,1,1,1,1,1,1,1,1,1,1,1,1,1,1
ALAJUELA,SAN RAMON,0,0,0,0,0,0,0,0,0,0,0,0,3,3,3,3,3,3,4,4,6,7,7,7,8,10,10,11,11,11,11,11,11,11,11,11,11,11,11,11,11,11,11,11,11,11,12,12,12,14,14,14,14,14,14,15,16,16,16,16,17,17,17,17,17,17,17,18,18,18,18,19,19,27,31,33,43,43,43,43,48,52,54,56,61,61,61,72,101,115,119,121,122,122,122,122,123
ALAJUELA,SARCHI,0,0,0,0,0,0,0,0,0,0,0,2,3,4,4,4,3,3,3,4,4,4,4,4,4,4,5,5,6,6,6,6,6,6,6,6,6,6,6,6,6,6,6,6,6,6,6,6,6,6,6,6,6,6,6,0,6,6,6,6,6,6,6,7,7,8,8,8,8,8,8,8,8,8,8,8,8,8,8,8,8,8,8,13,13,13,12,8,8,8,8,8,8,8,8,8,8
ALAJUELA,UPALA,0,0,0,0,0,0,0,0,0,0,0,0,0,0,0,0,0,0,0,0,0,0,0,0,0,0,0,0,0,0,0,0,0,0,0,0,0,0,0,0,0,0,0,0,0,0,0,0,0,0,0,0,0,0,0,0,1,1,1,1,1,1,1,1,1,4,4,4,4,4,4,4,4,4,4,4,4,4,5,5,5,9,10,10,16,23,23,28,29,42,45,46,46,46,46,50,54
ALAJUELA,ZARCERO,0,0,0,0,0,0,0,0,0,0,0,0,0,0,0,0,0,0,0,0,0,0,0,0,0,0,0,0,0,0,0,0,0,0,0,0,0,0,0,0,0,0,0,0,0,0,0,0,0,0,0,0,0,0,0,0,0,0,0,0,0,0,0,0,0,0,0,0,0,0,0,0,0,0,2,2,2,2,2,4,5,7,7,9,9,9,9,9,9,9,9,9,9,9,9,9,9
CARTAGO,ALVARADO,0,0,0,0,0,0,0,0,0,0,1,1,1,1,1,1,1,1,1,1,1,1,1,1,1,1,1,1,1,1,1,1,1,1,1,1,1,1,1,1,1,1,1,1,1,1,1,1,1,1,1,1,1,1,1,1,1,1,1,1,1,1,1,1,1,1,1,1,1,1,1,1,1,1,1,1,1,1,1,1,1,1,1,1,1,1,1,1,1,1,1,1,1,1,1,1,1
CARTAGO,CARTAGO,0,0,1,3,4,4,4,4,4,4,4,5,5,5,5,5,5,6,6,8,7,7,8,9,11,12,12,13,12,12,13,13,13,13,13,13,13,13,13,13,13,13,13,13,13,13,13,13,16,17,17,17,17,17,17,17,17,17,17,17,17,17,17,17,17,17,17,17,17,17,17,17,18,19,19,19,19,19,19,19,19,20,20,20,20,20,20,21,22,22,23,22,22,22,22,22,24
CARTAGO,EL GUARCO,0,0,0,0,0,0,0,0,0,0,0,2,2,2,3,4,4,4,4,5,5,5,5,5,5,5,5,5,5,5,5,5,5,5,5,5,5,5,5,5,5,5,5,5,5,5,5,5,5,5,5,5,5,5,5,5,5,5,5,5,5,5,6,6,6,6,6,6,6,6,6,6,6,6,6,6,6,6,6,6,6,6,6,6,6,7,7,7,7,7,7,7,7,7,7,7,8
CARTAGO,JIMENEZ,0,0,0,0,0,0,0,0,0,2,2,2,2,2,2,2,2,2,2,2,2,2,2,2,2,2,2,2,2,2,2,2,2,2,2,2,2,2,2,2,2,2,2,2,2,2,2,2,2,2,2,2,2,2,2,2,2,2,2,2,2,2,2,2,2,2,2,2,2,2,2,2,2,2,2,2,2,2,2,2,2,2,2,2,2,2,2,2,2,3,3,3,3,3,3,4,5
CARTAGO,LA UNION,1,1,1,2,2,2,5,5,6,6,6,6,6,7,7,8,9,9,10,10,10,10,10,10,10,11,12,12,15,14,14,14,17,16,16,16,16,16,16,17,17,21,21,21,21,21,22,22,23,23,23,23,23,23,23,23,23,23,23,23,23,24,24,24,24,24,24,25,25,25,25,26,26,26,26,26,26,26,26,27,27,27,27,28,28,28,28,31,31,31,31,32,32,33,36,38,39
CARTAGO,OREAMUNO,0,0,0,0,0,0,0,0,0,0,0,2,3,3,3,3,3,4,4,4,4,4,4,4,4,4,4,4,5,5,5,5,5,5,5,5,5,5,5,5,5,5,5,5,5,5,5,5,5,5,5,5,5,5,5,5,5,5,5,5,5,6,6,6,6,6,7,8,8,8,8,8,8,8,8,8,8,8,8,8,8,8,8,8,8,8,8,8,8,8,8,8,8,9,9,11,11
CARTAGO,PARAISO,0,0,0,0,0,0,0,0,0,0,0,0,0,0,0,0,0,0,0,0,1,1,1,1,1,1,1,1,1,1,1,1,1,1,1,1,1,1,1,1,1,1,1,1,1,1,1,1,1,1,1,1,1,1,1,1,1,2,2,2,2,2,2,2,2,2,2,2,2,2,2,2,2,2,2,2,2,2,2,2,2,2,2,2,2,3,3,3,3,4,4,4,4,4,4,5,6
CARTAGO,TURRIALBA,0,0,0,0,0,0,0,0,0,0,0,0,0,0,0,0,0,0,0,0,0,0,0,1,1,1,1,1,1,1,1,1,1,1,1,1,1,1,1,1,1,1,1,1,1,1,1,1,1,1,1,1,1,1,2,2,2,2,2,2,2,2,2,2,2,2,2,2,2,2,2,2,2,2,2,2,2,2,2,2,2,2,2,2,2,2,2,2,2,2,2,2,2,2,3,2,2
GUANACASTE,ABANGARES,0,0,0,0,0,0,0,0,0,0,0,0,0,0,0,0,0,0,0,0,0,0,0,0,0,0,0,0,0,0,0,0,0,0,0,0,0,0,0,0,0,0,0,0,1,1,1,1,1,1,1,1,1,1,1,1,1,1,1,1,1,3,3,3,3,4,4,5,6,6,6,10,10,17,17,17,17,18,20,20,20,20,20,20,20,20,20,20,21,21,20,20,20,20,20,20,20
GUANACASTE,BAGACES,0,0,0,0,0,0,0,0,0,0,0,0,0,0,0,0,0,0,0,0,0,0,0,0,0,0,0,0,0,0,0,0,0,0,0,0,0,0,0,0,0,0,0,0,0,0,3,3,5,5,5,5,5,5,5,5,6,6,6,6,6,6,6,6,6,6,6,6,6,6,6,6,6,6,7,7,7,7,8,8,10,10,11,11,12,12,12,12,12,13,16,16,16,16,16,16,17
GUANACASTE,CAÑAS,0,0,0,0,0,0,0,0,0,0,0,0,0,0,0,0,0,0,0,0,0,0,0,0,0,0,0,0,0,0,0,0,0,0,0,0,0,0,0,0,0,0,0,0,0,0,0,0,0,0,0,0,0,0,1,2,3,4,4,7,8,8,8,10,11,13,16,16,17,19,19,20,20,20,20,21,21,21,23,23,24,25,25,27,27,27,28,27,27,27,27,27,27,27,28,29,32
GUANACASTE,CARRILLO,0,0,0,0,0,0,0,0,0,0,0,0,1,1,2,2,2,2,2,2,2,2,2,2,2,2,2,2,2,2,2,2,2,2,2,2,2,2,2,2,2,2,2,2,2,2,2,2,2,2,2,2,2,2,2,2,2,2,2,2,2,2,2,2,2,2,2,2,2,2,2,2,2,2,2,2,2,2,2,2,2,2,3,3,3,3,3,3,3,4,4,4,4,5,5,5,5
GUANACASTE,HOJANCHA,0,0,0,0,0,0,0,0,0,0,0,0,0,0,0,0,0,0,0,1,1,1,1,1,1,1,1,1,1,1,1,1,1,1,1,1,1,1,1,1,1,1,1,1,1,1,1,1,1,1,1,1,1,1,1,1,1,1,1,1,1,1,1,1,1,1,1,1,1,1,1,1,1,1,1,1,1,1,1,1,1,1,1,1,1,1,1,1,1,1,2,7,8,8,12,13,15
GUANACASTE,LA CRUZ,0,0,0,0,0,0,0,0,0,0,0,0,0,0,0,0,0,0,0,0,0,0,0,0,0,0,0,0,0,0,0,0,0,0,0,0,0,0,0,0,0,0,0,0,0,0,0,0,0,0,1,1,1,1,1,1,7,1,1,1,1,1,1,1,1,1,1,1,2,2,2,6,6,6,6,6,6,6,6,6,6,6,7,7,7,7,7,7,7,7,7,8,8,8,8,9,9
GUANACASTE,LIBERIA,0,0,0,0,0,0,0,0,0,1,1,1,1,1,1,1,1,1,1,1,1,1,1,1,1,1,1,1,1,1,1,1,1,1,1,1,1,1,1,1,1,1,1,1,2,2,3,3,3,3,3,3,3,3,3,4,4,4,4,4,4,4,4,4,4,4,4,4,4,4,7,7,8,10,12,12,12,12,14,13,16,16,15,15,16,16,16,17,18,18,18,18,18,19,21,22,27
GUANACASTE,NANDAYURE,0,0,0,0,0,0,0,0,0,0,0,0,0,0,0,0,0,0,0,0,0,0,0,0,0,0,0,0,0,0,0,0,0,0,0,0,0,0,0,0,0,0,0,0,0,0,0,0,0,0,0,0,0,0,0,0,0,0,0,0,0,0,0,0,0,0,0,0,0,0,0,0,0,0,0,0,0,0,0,0,0,0,0,0,0,0,0,0,0,0,0,1,1,1,1,1,1
GUANACASTE,NICOYA,1,1,1,1,1,2,3,3,3,3,3,3,3,3,3,3,3,3,4,4,4,4,4,4,4,4,4,4,4,4,4,4,4,4,4,4,4,4,4,4,4,4,4,4,4,4,4,4,4,4,4,4,4,4,4,4,4,4,4,4,4,4,4,4,4,4,4,4,4,4,4,4,4,4,4,4,4,4,4,4,8,8,8,8,8,8,8,11,14,14,18,20,23,23,26,30,38
GUANACASTE,SANTA CRUZ,2,2,2,2,2,2,2,2,2,2,2,2,2,2,2,3,3,3,3,3,3,3,3,3,3,3,3,3,3,3,3,3,3,3,3,3,3,3,3,3,3,3,3,3,3,3,3,3,3,3,3,3,3,3,3,4,4,4,4,4,4,4,4,4,4,4,4,4,4,4,4,4,4,4,4,4,4,4,4,4,4,4,6,7,7,7,7,7,7,7,7,7,7,7,7,8,8
GUANACASTE,TILARAN,0,0,0,0,0,0,0,0,0,0,0,1,1,1,1,1,1,1,2,2,2,2,2,2,2,2,2,2,2,2,2,2,2,2,2,2,2,2,2,2,2,2,2,2,2,2,2,2,2,2,2,2,2,2,2,2,2,2,2,2,2,2,2,2,2,2,2,2,2,2,2,2,2,3,3,3,3,6,6,6,6,6,6,6,6,6,6,6,6,6,6,6,7,7,7,7,6
HEREDIA,BARVA,1,1,1,1,2,1,1,1,1,1,1,1,2,2,2,2,2,3,6,6,6,6,6,6,6,7,8,8,8,8,8,8,8,8,8,8,8,8,8,8,8,8,8,8,8,8,8,8,8,8,8,8,8,8,8,8,8,8,8,8,8,8,8,8,8,8,8,8,8,8,8,8,8,8,8,8,8,8,8,8,9,9,9,9,9,9,8,11,12,13,13,13,13,13,13,15,15
HEREDIA,BELEN,1,1,1,1,0,0,0,0,0,0,1,1,1,1,1,2,2,2,2,2,2,2,2,2,2,3,4,4,4,4,4,4,4,4,4,4,4,4,4,4,4,4,4,4,4,4,4,4,4,4,4,4,4,4,4,4,4,4,4,4,4,4,4,4,4,4,4,4,4,4,4,4,4,4,4,4,4,4,4,4,5,5,5,7,7,7,7,10,10,13,13,13,13,14,14,15,14
HEREDIA,FLORES,0,0,0,2,0,0,0,0,0,0,1,1,1,1,1,1,1,1,1,1,1,1,1,1,1,1,1,1,1,1,1,1,1,1,1,1,1,1,1,1,1,1,1,1,1,1,1,1,1,1,1,1,1,1,1,1,1,1,1,1,1,1,1,1,1,1,1,1,1,1,1,1,1,1,1,1,1,1,1,1,1,1,1,1,1,1,1,1,2,2,2,2,2,2,3,4,5
HEREDIA,HEREDIA,1,1,1,1,4,4,4,4,6,7,9,9,9,9,9,9,11,13,15,15,15,16,16,16,16,16,16,16,16,16,16,16,16,16,17,17,17,17,17,17,17,17,17,17,17,17,17,17,17,19,19,31,31,31,31,31,31,31,31,35,43,43,44,44,44,44,45,45,44,44,44,44,44,44,44,44,45,45,47,48,49,52,56,59,59,59,59,67,72,78,79,81,86,94,94,99,104
HEREDIA,SAN ISIDRO,0,0,0,0,0,0,0,0,0,0,0,0,0,0,0,1,1,1,1,1,1,1,1,1,1,1,1,1,1,1,1,1,1,1,1,1,1,1,1,1,1,1,1,1,1,1,1,1,1,1,1,1,1,1,1,1,1,1,1,1,1,1,1,1,1,1,1,1,1,1,1,1,1,1,1,1,1,1,1,1,1,1,2,1,1,1,1,1,1,1,1,1,1,1,1,1,1
HEREDIA,SAN PABLO,1,1,1,1,3,3,3,4,4,4,4,4,5,5,7,8,9,9,9,10,12,12,12,12,12,12,12,12,12,12,13,13,13,13,13,13,13,13,13,13,13,13,13,13,13,13,13,13,13,13,13,13,13,13,13,13,13,13,13,13,13,13,13,13,13,13,13,13,13,13,13,13,13,13,13,13,13,13,14,15,16,20,20,20,21,21,21,21,21,26,26,26,26,26,26,26,27
HEREDIA,SAN RAFAEL,0,0,0,0,0,0,1,2,2,2,2,2,3,5,5,5,6,6,6,6,6,6,6,7,7,10,10,10,10,10,10,10,10,10,10,10,10,10,10,10,10,10,10,10,10,10,10,10,10,10,10,10,10,10,10,10,10,10,10,10,10,10,10,10,10,10,10,10,10,10,10,10,10,10,10,11,11,11,11,11,12,12,12,12,12,12,11,11,13,13,14,15,15,15,17,18,22
HEREDIA,SANTA BARBARA,0,0,0,1,1,1,1,1,2,2,2,2,2,2,3,3,3,3,3,3,3,3,3,3,3,3,3,3,3,3,3,3,3,3,3,3,3,3,3,3,3,3,3,3,3,3,3,3,3,3,3,3,3,3,3,3,3,3,3,3,3,3,3,3,3,3,3,3,3,3,3,3,3,3,3,3,3,3,3,3,3,3,3,3,3,3,3,3,3,4,6,6,6,6,6,6,7
HEREDIA,SANTO DOMINGO,0,0,0,1,1,1,1,1,1,1,2,3,3,3,3,3,3,3,5,5,5,5,5,5,5,5,5,6,6,6,5,5,5,5,5,5,5,6,6,6,6,6,6,6,6,6,6,6,6,6,6,6,6,6,6,6,6,6,6,6,7,7,7,7,8,8,8,8,8,8,8,9,9,9,9,10,10,10,10,10,10,10,10,10,11,11,11,11,11,12,12,13,13,13,13,13,14
HEREDIA,SARAPIQUI,0,0,0,0,0,0,0,0,0,0,0,0,0,0,0,0,0,0,0,0,0,0,0,0,0,0,0,0,0,0,0,0,0,0,0,0,0,0,0,0,0,0,0,0,0,0,0,0,0,0,0,0,0,0,0,0,0,0,0,0,0,0,0,0,0,0,0,0,1,1,1,1,1,1,2,2,3,3,4,4,5,5,5,5,4,4,7,7,7,5,6,6,7,7,7,7,7
LIMON,GUACIMO,0,0,0,0,0,0,0,0,0,0,0,0,0,0,0,0,0,0,0,0,0,0,0,0,0,0,0,0,0,0,0,0,0,0,0,0,0,0,0,0,0,0,0,0,0,0,0,0,0,0,0,0,0,0,0,0,0,0,0,0,1,1,1,1,1,1,1,1,1,1,1,1,1,1,1,1,1,1,1,1,2,2,2,1,3,3,1,2,3,3,3,3,3,3,3,3,3
LIMON,LIMON,0,0,0,0,1,1,1,1,1,1,1,1,1,1,1,1,1,1,1,1,1,1,1,1,1,1,1,1,1,1,1,1,1,1,1,1,2,2,2,2,2,2,2,2,2,2,2,2,2,2,2,2,2,2,2,2,2,2,3,3,3,3,3,3,3,3,3,3,3,3,3,3,3,3,3,3,3,3,3,3,3,3,3,3,3,3,4,4,7,7,7,11,14,15,16,17,23
LIMON,MATINA,0,0,0,0,0,0,0,0,0,0,0,0,0,0,0,0,0,0,0,0,0,0,0,0,0,0,0,0,0,0,0,0,0,0,0,0,0,0,0,0,0,0,0,0,0,0,0,0,0,0,0,0,0,0,0,0,0,0,0,0,0,0,0,0,0,0,0,0,0,0,0,0,0,0,0,0,0,0,0,0,0,0,0,0,0,0,0,0,0,0,0,1,1,3,3,3,3
LIMON,POCOCI,0,0,0,0,0,0,0,0,0,0,0,0,0,0,0,0,0,0,0,0,0,0,0,0,0,0,0,1,3,4,4,4,4,4,4,4,4,4,5,5,5,5,5,5,5,7,7,8,8,8,8,8,8,8,8,8,8,8,8,8,8,8,8,9,9,9,9,9,9,9,9,9,9,9,9,9,13,14,15,15,27,31,35,37,44,44,54,54,55,55,56,60,60,60,62,65,70
LIMON,SIQUIRRES,0,0,0,0,0,0,0,0,0,0,0,0,0,0,0,0,0,0,0,0,0,0,0,0,0,1,1,1,1,1,1,1,1,1,1,1,1,1,1,1,1,1,1,1,1,1,1,1,1,1,1,1,1,1,1,1,1,1,1,1,1,1,1,2,2,2,2,2,2,2,2,2,2,2,2,2,2,2,2,2,2,2,2,2,2,2,2,2,2,2,2,2,2,2,2,2,2
LIMON,TALAMANCA,0,0,0,0,0,0,0,0,0,0,0,0,0,0,0,0,0,0,0,0,0,0,0,0,0,0,0,0,0,0,0,0,0,0,0,0,0,0,0,0,0,0,0,0,0,0,0,0,0,0,0,0,0,1,1,1,1,1,1,1,1,1,1,1,1,1,1,1,1,1,1,1,1,1,1,1,1,1,1,1,1,1,1,1,1,1,1,1,1,1,1,1,1,1,1,1,1
PUNTARENAS,BUENOS AIRES,0,0,0,0,0,0,0,0,0,0,0,0,0,0,0,0,0,0,0,0,0,0,0,0,0,0,0,0,0,0,0,0,0,0,0,0,0,0,0,0,0,0,0,0,0,0,0,0,0,0,0,0,0,0,0,0,0,0,0,0,0,0,0,0,0,0,0,0,0,0,0,0,0,0,0,0,0,0,0,0,0,0,0,0,0,0,0,0,0,0,0,0,0,0,0,0,0
PUNTARENAS,CORREDORES,0,0,0,0,0,0,0,0,0,0,0,0,0,0,0,0,0,0,0,0,0,0,0,0,0,0,0,0,0,0,0,0,0,0,0,0,0,0,0,0,0,0,0,0,0,0,0,0,0,0,0,0,0,0,0,1,1,0,0,0,0,0,0,0,0,0,0,0,0,0,0,0,0,1,1,1,1,1,1,1,1,1,1,1,1,1,1,1,1,1,1,1,1,1,1,2,5
PUNTARENAS,COTO BRUS,0,0,0,0,0,0,0,1,2,2,2,2,2,2,2,2,2,2,2,2,2,2,2,2,2,2,2,2,2,2,2,2,2,2,2,2,2,2,2,2,2,2,2,2,2,2,2,2,2,2,2,2,2,2,2,2,2,2,2,2,2,2,2,2,2,2,2,2,2,2,2,2,2,2,2,2,2,2,2,2,2,2,2,2,2,2,2,2,2,2,2,2,2,2,2,2,2
PUNTARENAS,ESPARZA,0,0,0,0,0,0,0,0,0,0,0,0,0,0,0,0,0,1,2,2,2,2,2,2,2,2,2,2,2,2,2,2,2,2,2,2,2,2,2,2,2,2,2,2,2,2,2,2,2,2,2,2,2,2,2,2,2,2,2,2,2,2,2,2,2,2,2,2,2,2,2,2,2,2,2,2,2,2,2,2,2,2,2,2,2,2,2,2,2,3,3,5,5,6,6,6,6
PUNTARENAS,GARABITO,0,0,0,0,0,0,0,0,0,0,2,2,3,3,3,5,5,7,7,7,7,7,7,7,7,7,7,9,9,12,13,14,20,21,21,21,21,21,22,22,22,22,22,22,22,22,22,22,22,22,22,22,22,22,22,22,22,22,22,22,22,22,22,22,22,22,22,22,22,22,22,22,22,22,22,22,22,22,22,22,22,23,23,23,23,23,23,23,23,26,26,26,27,27,27,27,27
PUNTARENAS,GOLFITO,0,0,0,0,0,0,0,0,0,0,0,0,0,0,0,0,0,0,0,0,0,0,0,0,0,0,0,0,0,0,0,0,0,0,0,0,0,0,0,0,0,0,0,0,0,0,0,1,1,1,1,1,1,1,1,1,1,1,1,1,1,1,1,2,2,2,2,2,2,2,2,2,2,2,2,2,2,2,2,2,2,2,2,2,2,2,2,2,2,2,2,2,2,2,2,2,2
PUNTARENAS,MONTES DE ORO,0,0,0,0,0,0,0,0,0,1,1,1,2,2,2,2,2,2,2,2,2,2,2,2,2,2,2,2,2,2,2,2,2,2,2,2,2,2,2,2,2,2,2,2,2,2,2,2,2,2,2,2,2,2,2,2,2,2,2,2,2,2,2,2,2,2,2,2,2,2,2,2,2,2,2,3,3,3,3,3,2,2,2,2,2,2,2,2,2,2,2,2,2,2,2,2,2
PUNTARENAS,OSA,0,0,0,0,0,0,0,0,0,0,0,0,0,0,1,1,1,1,1,1,1,1,1,1,1,1,1,2,2,2,2,2,3,3,3,5,5,5,5,5,5,5,5,5,5,5,5,5,5,5,5,5,5,6,6,6,6,6,6,6,6,6,6,6,6,6,6,6,6,6,6,6,6,6,6,6,6,6,6,6,6,6,6,6,6,6,6,6,6,6,6,6,6,6,6,6,6
PUNTARENAS,PARRITA,0,0,0,0,0,0,0,0,0,0,0,0,0,0,0,0,0,0,0,0,0,0,0,0,0,0,0,0,0,0,0,0,0,0,0,0,0,0,0,0,0,0,0,0,0,0,0,0,0,0,0,0,0,0,0,0,0,0,0,0,0,0,0,0,0,0,0,0,0,0,0,0,0,0,0,0,0,0,0,0,0,0,0,0,0,0,0,0,0,0,0,0,0,0,0,0,0
PUNTARENAS,PUNTARENAS,0,0,0,0,0,0,0,0,0,0,1,3,2,2,2,3,3,3,4,4,4,4,4,4,4,4,4,4,4,4,4,4,4,4,4,4,5,5,5,5,5,5,5,5,5,5,5,5,5,6,6,6,6,6,6,6,6,6,6,6,6,6,6,6,6,6,6,6,6,6,6,7,7,7,7,8,9,9,13,13,18,21,22,22,23,27,27,34,34,35,40,40,42,42,45,47,49
PUNTARENAS,QUEPOS,0,0,0,0,0,0,0,0,0,0,0,0,0,0,0,0,0,0,0,0,0,0,0,0,0,0,0,0,0,0,0,0,0,0,0,0,0,0,0,0,0,0,0,0,0,0,0,0,0,0,0,0,0,0,0,0,1,1,1,1,1,1,1,1,1,1,2,2,2,2,2,3,3,3,4,4,4,4,4,4,4,4,4,4,4,4,4,4,4,4,4,4,4,5,5,5,6
SAN JOSE,ACOSTA,0,0,0,0,0,0,0,0,0,0,0,0,0,0,0,0,0,0,0,0,0,0,0,0,0,0,0,0,0,0,0,0,0,0,0,0,0,0,0,0,0,0,0,0,0,0,0,0,0,0,0,0,0,0,0,0,0,0,0,0,0,0,0,0,0,0,0,0,0,0,0,0,0,0,0,0,0,0,0,0,0,0,0,0,0,0,0,0,0,0,0,0,0,0,1,1,1
SAN JOSE,ALAJUELITA,0,0,0,0,0,0,0,0,0,0,0,0,0,1,2,2,2,3,3,3,3,4,4,4,6,5,7,8,8,12,12,12,12,12,13,14,14,14,14,14,14,14,14,14,14,14,14,14,14,14,14,14,14,14,14,14,14,14,14,14,14,14,14,14,14,14,14,14,14,15,15,15,15,15,15,16,16,17,17,16,16,16,16,20,19,23,25,26,28,30,33,32,33,47,54,56,68
SAN JOSE,ASERRI,0,0,0,0,0,0,0,1,2,2,2,2,2,2,2,2,2,2,2,3,3,3,3,4,6,5,6,7,8,9,9,10,11,11,11,11,11,11,11,11,11,12,12,12,12,12,12,12,12,12,12,12,12,12,13,13,13,19,19,19,19,19,20,20,20,20,20,20,20,20,20,21,21,22,22,22,24,24,24,24,24,24,24,28,28,28,28,28,28,29,29,29,29,29,29,29,29
SAN JOSE,CURRIDABAT,0,0,1,2,3,5,5,5,5,5,5,5,7,8,8,10,11,12,14,14,14,14,14,15,15,20,20,20,22,22,22,22,22,22,22,22,22,22,22,22,22,22,22,22,22,22,22,22,22,22,22,22,22,23,23,23,24,24,24,24,25,25,25,25,25,25,25,25,25,25,25,25,25,25,25,25,25,25,25,25,25,25,25,26,26,27,31,28,29,29,29,29,29,29,29,31,33
SAN JOSE,DESAMPARADOS,4,4,4,4,4,5,4,4,5,5,7,8,12,11,13,13,15,17,18,19,21,21,23,23,27,30,31,34,37,38,39,39,42,44,44,44,44,46,46,47,47,44,45,46,46,46,46,46,46,46,46,46,47,47,48,48,48,48,48,48,48,49,48,48,48,48,48,48,48,48,47,46,46,46,46,46,46,46,46,47,53,54,55,53,53,53,53,55,56,57,57,57,57,58,61,65,77
SAN JOSE,DOTA,0,0,0,0,0,0,0,0,0,0,0,0,0,0,0,0,0,0,0,0,0,0,0,0,0,0,0,0,0,0,0,0,0,0,0,0,0,0,0,0,0,0,0,0,0,0,0,0,0,0,0,0,0,0,0,0,0,0,0,0,0,0,0,0,0,0,0,0,0,0,0,0,0,0,0,0,0,0,0,0,0,0,0,0,0,0,0,0,0,0,0,0,0,0,0,0,0
SAN JOSE,ESCAZU,4,5,5,6,9,11,11,11,11,13,13,13,14,16,17,18,19,18,18,18,18,19,19,19,19,22,23,24,27,27,27,27,27,27,27,27,27,27,29,29,29,29,29,29,29,30,30,30,30,30,30,30,30,30,30,30,30,30,30,30,30,30,30,30,30,30,30,30,30,30,30,30,30,30,30,30,30,30,30,30,30,30,31,31,31,31,31,32,32,34,42,42,42,43,43,43,45
SAN JOSE,GOICOECHEA,0,0,0,1,1,1,0,0,7,7,8,8,9,10,10,10,11,10,11,10,11,11,11,12,13,14,16,16,17,17,18,18,18,18,19,19,19,19,19,20,20,21,21,21,22,22,23,24,24,24,26,27,30,30,30,30,30,30,30,30,30,31,31,32,32,32,32,32,33,33,34,36,37,38,38,38,38,38,38,39,39,39,39,41,43,43,46,47,48,50,50,51,53,54,54,57,58
SAN JOSE,LEON CORTES,0,0,0,0,0,0,0,0,0,0,0,0,0,0,0,0,0,0,0,0,0,0,0,0,0,0,0,0,0,0,0,0,0,0,0,0,0,0,0,0,0,0,0,0,0,0,0,0,0,0,0,0,0,0,0,0,0,0,0,0,0,0,0,0,0,0,0,0,0,0,0,0,0,0,0,0,0,0,0,0,0,0,0,0,0,0,0,0,0,0,0,0,0,0,0,0,0
SAN JOSE,MONTES DE OCA,0,0,0,0,0,2,3,3,3,3,5,5,5,8,8,8,8,9,9,9,9,9,11,12,14,16,16,16,16,16,16,16,16,16,16,16,16,16,16,16,16,16,16,16,16,16,16,16,16,17,17,17,17,17,17,17,17,17,17,17,17,17,17,17,17,17,18,18,18,18,18,18,18,18,18,18,19,19,19,19,19,19,19,19,19,19,19,19,20,20,19,19,19,19,19,19,19
SAN JOSE,MORA,0,0,0,0,0,0,0,0,0,0,0,0,1,1,1,1,1,1,1,1,1,2,2,2,4,4,4,4,4,4,4,4,4,4,4,4,4,4,4,4,5,6,7,7,7,7,7,7,7,7,7,7,7,7,7,7,7,7,7,7,7,7,7,7,7,7,8,8,8,8,8,8,8,8,8,8,8,8,8,8,8,8,8,8,8,10,9,11,11,12,12,12,12,13,13,13,14
SAN JOSE,MORAVIA,0,0,0,1,1,3,4,5,6,6,6,6,7,8,8,8,8,9,10,10,11,11,11,12,12,12,12,12,12,12,12,12,12,12,12,12,12,12,12,12,12,12,12,12,12,13,13,13,13,13,13,13,13,13,13,13,13,13,13,13,13,13,13,13,13,13,13,13,14,14,15,16,15,18,18,18,18,18,18,16,16,16,16,16,16,16,16,16,16,17,17,17,17,17,17,18,19
SAN JOSE,PEREZ ZELEDON,1,1,3,3,3,3,3,3,3,3,3,3,3,3,3,3,3,3,3,3,3,3,3,3,3,3,3,3,3,3,3,3,3,3,3,3,3,3,3,3,3,3,3,3,3,3,3,3,3,3,3,3,3,3,4,4,4,4,4,4,4,4,4,4,4,4,4,4,4,4,5,5,5,5,2,5,5,5,5,5,5,5,5,2,5,6,6,2,2,2,2,2,2,2,2,2,2
SAN JOSE,PURISCAL,0,0,0,0,0,0,0,0,0,0,0,0,1,0,0,0,0,0,0,0,0,0,0,0,0,0,1,1,1,1,1,1,1,1,1,1,1,1,1,1,1,1,1,1,1,1,1,2,2,2,2,2,2,2,2,2,2,2,2,2,2,2,2,2,2,2,2,2,2,2,2,2,2,2,5,2,2,2,2,2,2,2,2,5,2,2,2,6,6,6,6,6,6,6,6,6,6
SAN JOSE,SAN JOSE,3,4,6,10,14,13,12,17,17,18,21,23,26,29,32,33,36,42,44,46,51,53,59,62,62,67,68,72,74,75,77,82,84,86,87,87,87,89,95,95,95,96,96,97,97,100,99,100,100,100,100,100,100,101,102,102,102,102,104,108,110,114,121,123,124,129,130,132,133,133,137,140,140,142,143,145,145,146,148,157,159,158,160,163,163,163,163,168,178,181,187,188,191,191,195,199,204
SAN JOSE,SANTA ANA,2,2,3,3,3,6,7,11,14,13,14,16,16,16,19,19,22,24,25,26,26,28,28,28,28,29,29,30,31,35,35,35,35,36,38,39,39,40,40,40,40,40,40,40,41,42,42,42,42,42,42,42,42,42,42,42,42,43,43,43,43,44,44,44,44,44,44,44,44,44,44,44,44,44,44,44,44,44,44,44,44,44,44,45,45,45,45,45,46,46,46,47,47,47,47,47,49
SAN JOSE,TARRAZU,0,0,0,0,0,0,0,0,0,0,0,0,1,1,1,1,1,1,1,3,3,3,3,3,3,3,4,4,4,4,4,4,4,4,4,4,4,4,4,4,4,4,4,4,4,4,4,4,4,4,4,4,4,4,4,4,4,4,4,4,4,4,4,4,4,4,4,4,4,4,4,4,4,4,4,4,4,4,4,4,4,4,4,4,4,4,4,4,4,4,4,4,4,4,4,4,4
SAN JOSE,TIBAS,1,1,1,1,1,1,2,3,5,6,10,12,11,11,12,12,12,13,12,15,15,16,16,17,17,21,21,21,19,19,19,19,19,19,19,19,19,19,19,19,19,19,19,19,19,19,19,19,19,20,20,20,20,20,20,20,20,20,20,20,20,20,21,21,21,21,22,22,22,24,25,25,25,23,23,23,23,23,23,23,23,23,23,23,23,23,23,23,24,25,25,25,26,27,27,27,29
SAN JOSE,TURRUBARES,0,0,0,0,0,0,0,0,0,0,0,0,0,1,2,2,2,2,2,2,2,2,2,2,2,2,2,2,2,2,2,2,2,2,2,2,2,2,2,2,2,2,2,2,2,2,2,2,2,2,2,2,2,2,2,2,2,2,2,2,2,2,2,2,2,2,2,2,2,2,2,2,2,2,2,2,2,2,2,2,2,2,2,2,2,2,2,2,2,2,2,2,2,2,2,2,6
SAN JOSE,VAZQUEZ DE CORONADO,0,0,0,0,0,1,2,2,2,2,2,2,2,2,2,3,3,3,4,5,5,5,5,5,6,7,6,6,6,9,8,8,8,8,8,8,8,8,8,9,9,9,9,9,9,9,9,9,9,9,9,9,9,9,9,9,9,9,9,9,9,9,9,9,9,9,9,9,9,10,11,11,12,11,11,11,11,13,13,14,14,14,15,14,15,15,15,15,16,16,16,17,18,18,18,19,21
,DESCONOCIDO,0,0,0,1,1,7,0,0,0,0,0,0,0,3,0,0,0,0,0,0,0,0,0,0,0,0,0,0,0,0,0,0,0,0,0,0,0,0,0,0,0,0,0,0,0,0,0,0,0,0,0,0,0,0,0,0,0,0,0,0,7,7,7,7,7,8,12,12,12,12,12,12,12,12,12,12,12,12,12,12,12,12,12,12,12,11,12,12,12,12,12,12,13,14,14,14,14
